direction,method,budget %,target labels,coverage,PD coverage,mean set size,singleton rate,rejection rate,degenerate
tappy2mit,naive_cp,0,0,"0.598 [0.483, 0.704]",0.214,1.11,0.890,0.110,False
tappy2mit,weighted_cp,0,0,"1.000 [0.956, 1.000]",1.000,2.00,0.000,1.000,False
tappy2mit,target_recalib,5,4,"1.000 [0.954, 1.000]",1.000,2.00,0.000,1.000,True
tappy2mit,group_weighted,5,4,"1.000 [0.954, 1.000]",1.000,2.00,0.000,1.000,True
tappy2mit,target_recalib,10,8,"1.000 [0.951, 1.000]",1.000,2.00,0.000,1.000,True
tappy2mit,group_weighted,10,8,"1.000 [0.951, 1.000]",1.000,2.00,0.000,1.000,True
tappy2mit,target_recalib,20,16,"0.833 [0.721, 0.914]",0.676,1.53,0.470,0.530,False
tappy2mit,group_weighted,20,16,"0.833 [0.721, 0.914]",0.676,1.53,0.470,0.530,False
tappy2mit,target_recalib,30,25,"0.877 [0.763, 0.949]",0.759,1.63,0.368,0.632,False
tappy2mit,group_weighted,30,25,"0.877 [0.763, 0.949]",0.759,1.63,0.368,0.632,False
mit2tappy,naive_cp,0,0,"0.850 [0.788, 0.899]",0.895,1.53,0.468,0.532,False
mit2tappy,weighted_cp,0,0,"1.000 [0.979, 1.000]",1.000,2.00,0.000,1.000,False
mit2tappy,target_recalib,5,9,"0.982 [0.947, 0.996]",1.000,1.79,0.213,0.787,False
mit2tappy,group_weighted,5,9,"0.982 [0.947, 0.996]",1.000,1.79,0.213,0.787,False
mit2tappy,target_recalib,10,17,"0.853 [0.787, 0.904]",0.900,1.56,0.442,0.558,False
mit2tappy,group_weighted,10,17,"0.853 [0.787, 0.904]",0.900,1.56,0.442,0.558,False
mit2tappy,target_recalib,20,35,"0.913 [0.853, 0.954]",0.953,1.62,0.384,0.616,False
mit2tappy,group_weighted,20,35,"0.913 [0.853, 0.954]",0.953,1.62,0.384,0.616,False
mit2tappy,target_recalib,30,52,"0.950 [0.895, 0.982]",0.978,1.70,0.298,0.702,False
mit2tappy,group_weighted,30,52,"0.950 [0.895, 0.982]",0.978,1.70,0.298,0.702,False
gold_merged2self,naive_cp,0,0,"0.732 [0.684, 0.777]",0.806,1.30,0.699,0.301,False
gold_merged2self,weighted_cp,0,0,"0.918 [0.885, 0.944]",0.972,1.83,0.107,0.861,False
gold_merged2self,target_recalib,5,18,"0.876 [0.837, 0.909]",0.922,1.57,0.425,0.575,False
gold_merged2self,group_weighted,5,18,"0.836 [0.793, 0.874]",0.912,1.48,0.520,0.480,False
gold_merged2self,target_recalib,10,37,"0.960 [0.933, 0.979]",0.979,1.81,0.188,0.812,False
gold_merged2self,group_weighted,10,37,"0.967 [0.941, 0.983]",0.979,1.83,0.173,0.827,False
gold_merged2self,target_recalib,20,73,"0.857 [0.811, 0.895]",0.908,1.56,0.444,0.556,False
gold_merged2self,group_weighted,20,73,"0.887 [0.845, 0.921]",0.931,1.60,0.399,0.601,False
gold_merged2self,target_recalib,30,110,"0.898 [0.855, 0.933]",0.947,1.60,0.398,0.602,False
gold_merged2self,group_weighted,30,110,"0.914 [0.873, 0.945]",0.974,1.67,0.332,0.668,False
