seed,model,auc_val,auc_test,lgbm_min_child_samples,lgbm_max_depth,n_train,n_val,n_test
1,lr,0.7307692307692308,0.8141025641025641,,,32,25,25
1,lightgbm,0.8044871794871795,0.8205128205128206,10.0,2.0,32,25,25
2,lr,0.8525641025641025,0.8141025641025642,,,32,25,25
2,lightgbm,0.842948717948718,0.7115384615384616,5.0,2.0,32,25,25
3,lr,0.7884615384615385,0.7371794871794871,,,32,25,25
3,lightgbm,0.8237179487179487,0.6506410256410257,10.0,2.0,32,25,25
4,lr,0.6474358974358975,0.7435897435897436,,,32,25,25
4,lightgbm,0.7435897435897436,0.5480769230769231,10.0,2.0,32,25,25
5,lr,0.8717948717948718,0.7756410256410257,,,32,25,25
5,lightgbm,0.7564102564102565,0.8461538461538461,5.0,3.0,32,25,25
6,lr,0.8205128205128205,0.6794871794871795,,,32,25,25
6,lightgbm,0.855769230769231,0.653846153846154,10.0,2.0,32,25,25
7,lr,0.8205128205128206,0.8846153846153847,,,32,25,25
7,lightgbm,0.8653846153846154,0.8653846153846153,5.0,2.0,32,25,25
8,lr,0.8076923076923076,0.8717948717948718,,,32,25,25
8,lightgbm,0.6698717948717949,0.8685897435897436,5.0,2.0,32,25,25
9,lr,0.6794871794871795,0.7243589743589745,,,32,25,25
9,lightgbm,0.7467948717948718,0.6538461538461539,5.0,2.0,32,25,25
10,lr,0.8076923076923077,0.9487179487179487,,,32,25,25
10,lightgbm,0.8525641025641025,0.7435897435897436,5.0,3.0,32,25,25
11,lr,0.8717948717948718,0.7692307692307693,,,32,25,25
11,lightgbm,0.9230769230769231,0.6506410256410257,5.0,3.0,32,25,25
12,lr,0.826923076923077,0.5833333333333334,,,32,25,25
12,lightgbm,0.8108974358974359,0.4903846153846154,10.0,3.0,32,25,25
13,lr,0.7692307692307692,0.7435897435897435,,,32,25,25
13,lightgbm,0.8878205128205128,0.6442307692307693,10.0,2.0,32,25,25
14,lr,0.8012820512820513,0.8141025641025641,,,32,25,25
14,lightgbm,0.6794871794871795,0.8974358974358974,10.0,2.0,32,25,25
15,lr,0.8012820512820513,0.7692307692307693,,,32,25,25
15,lightgbm,0.8717948717948718,0.7147435897435898,10.0,2.0,32,25,25
16,lr,0.6474358974358975,0.8974358974358975,,,32,25,25
16,lightgbm,0.7884615384615384,0.7948717948717949,5.0,3.0,32,25,25
17,lr,0.7435897435897436,0.8141025641025641,,,32,25,25
17,lightgbm,0.717948717948718,0.6666666666666667,5.0,2.0,32,25,25
18,lr,0.7435897435897436,0.6858974358974359,,,32,25,25
18,lightgbm,0.5705128205128205,0.5897435897435899,10.0,2.0,32,25,25
19,lr,0.6153846153846153,0.6217948717948718,,,32,25,25
19,lightgbm,0.6602564102564102,0.6538461538461539,5.0,3.0,32,25,25
20,lr,0.7628205128205129,0.7115384615384616,,,32,25,25
20,lightgbm,0.8205128205128206,0.7532051282051282,10.0,2.0,32,25,25
21,lr,0.7243589743589743,0.7884615384615384,,,32,25,25
21,lightgbm,0.7948717948717949,0.8621794871794872,5.0,2.0,32,25,25
22,lr,0.8525641025641025,0.75,,,32,25,25
22,lightgbm,0.717948717948718,0.7307692307692308,10.0,2.0,32,25,25
23,lr,0.7371794871794872,0.6987179487179487,,,32,25,25
23,lightgbm,0.7243589743589743,0.5608974358974359,5.0,2.0,32,25,25
24,lr,0.8974358974358975,0.6282051282051282,,,32,25,25
24,lightgbm,0.782051282051282,0.7243589743589745,5.0,3.0,32,25,25
25,lr,0.6923076923076923,0.7692307692307692,,,32,25,25
25,lightgbm,0.7083333333333334,0.6346153846153846,5.0,2.0,32,25,25
26,lr,0.7628205128205129,0.8269230769230769,,,32,25,25
26,lightgbm,0.7371794871794872,0.7884615384615384,5.0,2.0,32,25,25
27,lr,0.9102564102564102,0.7884615384615384,,,32,25,25
27,lightgbm,0.8653846153846154,0.6089743589743589,10.0,2.0,32,25,25
28,lr,0.7435897435897436,0.8141025641025641,,,32,25,25
28,lightgbm,0.8333333333333334,0.7884615384615385,5.0,2.0,32,25,25
29,lr,0.8012820512820513,0.858974358974359,,,32,25,25
29,lightgbm,0.7564102564102565,0.5576923076923077,5.0,3.0,32,25,25
30,lr,0.782051282051282,0.6794871794871795,,,32,25,25
30,lightgbm,0.7083333333333334,0.6121794871794871,5.0,2.0,32,25,25
31,lr,0.685897435897436,0.891025641025641,,,32,25,25
31,lightgbm,0.6794871794871795,0.8205128205128206,5.0,2.0,32,25,25
32,lr,0.7948717948717948,0.8141025641025641,,,32,25,25
32,lightgbm,0.6923076923076923,0.733974358974359,10.0,2.0,32,25,25
33,lr,0.7307692307692307,0.8269230769230769,,,32,25,25
33,lightgbm,0.8525641025641025,0.7179487179487181,5.0,2.0,32,25,25
34,lr,0.9102564102564102,0.6346153846153847,,,32,25,25
34,lightgbm,0.9134615384615385,0.5448717948717948,5.0,2.0,32,25,25
35,lr,0.8653846153846154,0.8653846153846154,,,32,25,25
35,lightgbm,0.7115384615384615,0.7628205128205129,10.0,2.0,32,25,25
36,lr,0.717948717948718,0.7756410256410257,,,32,25,25
36,lightgbm,0.6858974358974359,0.7243589743589743,5.0,2.0,32,25,25
37,lr,0.8910256410256411,0.782051282051282,,,32,25,25
37,lightgbm,0.6474358974358975,0.7115384615384616,10.0,2.0,32,25,25
38,lr,0.7692307692307692,0.8525641025641026,,,32,25,25
38,lightgbm,0.733974358974359,0.8012820512820513,10.0,2.0,32,25,25
39,lr,0.6987179487179487,0.9166666666666667,,,32,25,25
39,lightgbm,0.701923076923077,0.826923076923077,10.0,3.0,32,25,25
40,lr,0.8525641025641025,0.8205128205128205,,,32,25,25
40,lightgbm,0.6666666666666666,0.8461538461538463,5.0,2.0,32,25,25
41,lr,0.7371794871794872,0.7692307692307693,,,32,25,25
41,lightgbm,0.6538461538461539,0.8205128205128206,5.0,2.0,32,25,25
42,lr,0.8333333333333334,0.8012820512820513,,,32,25,25
42,lightgbm,0.8365384615384616,0.75,10.0,2.0,32,25,25
43,lr,0.858974358974359,0.7115384615384616,,,32,25,25
43,lightgbm,0.9615384615384616,0.7435897435897436,5.0,2.0,32,25,25
44,lr,0.8076923076923077,0.8333333333333334,,,32,25,25
44,lightgbm,0.8044871794871795,0.8237179487179487,10.0,2.0,32,25,25
45,lr,0.7756410256410257,0.782051282051282,,,32,25,25
45,lightgbm,0.6987179487179487,0.7403846153846153,5.0,2.0,32,25,25
46,lr,0.782051282051282,0.7756410256410257,,,32,25,25
46,lightgbm,0.7467948717948718,0.6923076923076923,10.0,2.0,32,25,25
47,lr,0.7435897435897435,0.7628205128205128,,,32,25,25
47,lightgbm,0.8012820512820513,0.7948717948717948,5.0,3.0,32,25,25
48,lr,0.6346153846153846,0.9166666666666666,,,32,25,25
48,lightgbm,0.653846153846154,0.8365384615384616,10.0,2.0,32,25,25
49,lr,0.6923076923076923,0.9038461538461537,,,32,25,25
49,lightgbm,0.7564102564102565,0.7051282051282052,5.0,2.0,32,25,25
50,lr,0.7564102564102565,0.8974358974358975,,,32,25,25
50,lightgbm,0.7564102564102565,0.8012820512820514,5.0,2.0,32,25,25
