direction,method,budget_pct,n_target_labels,k,n,coverage,ci_lo,ci_hi,cpc_pd,cpc_hc,mean_size,singleton_rate,rejection_rate,empty_rate,delta_coverage,delta_cpc_pd,delta_cpc_hc,delta_mean_size,delta_singleton_rate,qhat_inf,point_ge_090,point_ge_080,cilo_ge_080,note
tappy2mit,gold_direct,0,0,49,82,0.5975609756097561,0.48342243036237675,0.7044379546872008,0.21428571428571427,1.0,1.1097560975609757,0.8902439024390244,0.10975609756097561,0.0,0.0,0.0,0.0,0.0,0.0,False,False,False,False,≡ naive 锚点（primary + 4.4 双断言）
tappy2mit,weighted_cp,0,0,82,82,1.0,0.9560105458131576,1.0,1.0,1.0,2.0,0.0,1.0,0.0,0.4024390243902439,0.7857142857142857,0.0,0.8902439024390243,-0.8902439024390244,False,True,True,True,域分类器密度比，合池p99截断=3.04e+09（≡4.4）
tappy2mit,target_recalib,5,4,78,78,1.0,0.9538075796719513,1.0,1.0,1.0,2.0,0.0,1.0,0.0,0.4024390243902439,0.7857142857142857,0.0,0.8902439024390243,-0.8902439024390244,True,True,True,True,目标预算单分位重校准（≡4.4 同抽取）
tappy2mit,target_recalib,10,8,74,74,1.0,0.9513723837620105,1.0,1.0,1.0,2.0,0.0,1.0,0.0,0.4024390243902439,0.7857142857142857,0.0,0.8902439024390243,-0.8902439024390244,True,True,True,True,目标预算单分位重校准（≡4.4 同抽取）
tappy2mit,target_recalib,20,16,55,66,0.8333333333333334,0.7213265468376222,0.9137520659512851,0.6764705882352942,1.0,1.5303030303030303,0.4696969696969697,0.5303030303030303,0.0,0.2357723577235773,0.46218487394957986,0.0,0.42054693274205457,-0.4205469327420547,False,False,True,False,目标预算单分位重校准（≡4.4 同抽取）
tappy2mit,target_recalib,30,25,50,57,0.8771929824561403,0.7632050006375726,0.9491710598414328,0.7586206896551724,1.0,1.631578947368421,0.3684210526315789,0.631578947368421,0.0,0.27963200684638423,0.5443349753694581,0.0,0.5218228498074453,-0.5218228498074455,False,False,True,False,目标预算单分位重校准（≡4.4 同抽取）
mit2tappy,gold_direct,0,0,147,173,0.8497109826589595,0.7875965420737576,0.8994169554140722,0.8947368421052632,0.7,1.5317919075144508,0.4682080924855491,0.5317919075144508,0.0,0.0,0.0,0.0,0.0,0.0,False,False,True,False,≡ naive 锚点（primary + 4.4 双断言）
mit2tappy,weighted_cp,0,0,173,173,1.0,0.9789027253493151,1.0,1.0,1.0,2.0,0.0,1.0,0.0,0.1502890173410405,0.10526315789473684,0.30000000000000004,0.4682080924855492,-0.4682080924855491,False,True,True,True,域分类器密度比，合池p99截断=6.83e+03（≡4.4）
mit2tappy,target_recalib,5,9,161,164,0.9817073170731707,0.9474738265617461,0.9962116046634305,1.0,0.9210526315789473,1.7865853658536586,0.21341463414634146,0.7865853658536586,0.0,0.1319963344142112,0.10526315789473684,0.2210526315789474,0.25479345833920775,-0.25479345833920763,False,True,True,True,目标预算单分位重校准（≡4.4 同抽取）
mit2tappy,target_recalib,10,17,133,156,0.8525641025641025,0.7870308254405115,0.9041847363632709,0.9,0.6944444444444444,1.5576923076923077,0.4423076923076923,0.5576923076923077,0.0,0.002853119905143031,0.0052631578947368585,-0.005555555555555536,0.025900400177856886,-0.02590040017785683,False,False,True,False,目标预算单分位重校准（≡4.4 同抽取）
mit2tappy,target_recalib,20,35,126,138,0.9130434782608695,0.8530309325471026,0.9542588878502717,0.9528301886792453,0.78125,1.6159420289855073,0.38405797101449274,0.6159420289855072,0.0,0.06333249560191001,0.05809334657398213,0.08125000000000004,0.0841501214710565,-0.08415012147105638,False,True,True,True,目标预算单分位重校准（≡4.4 同抽取）
mit2tappy,target_recalib,30,52,115,121,0.9504132231404959,0.8951935020198841,0.981587692825085,0.978494623655914,0.8571428571428571,1.7024793388429753,0.2975206611570248,0.7024793388429752,0.0,0.10070224048153642,0.08375778155065083,0.15714285714285714,0.17068743132852449,-0.17068743132852432,False,True,True,True,目标预算单分位重校准（≡4.4 同抽取）
gold_merged2self,gold_direct,0,0,268,366,0.73224043715847,0.6837481934023381,0.77693054588449,0.8055555555555556,0.6266666666666667,1.3005464480874316,0.6994535519125683,0.3005464480874317,0.0,0.0,0.0,0.0,0.0,0.0,False,False,False,False,≡ naive 锚点（primary + 4.4 双断言）
gold_merged2self,weighted_cp,0,0,336,366,0.9180327868852459,0.885054003789342,0.9440150562991141,0.9722222222222222,0.84,1.8278688524590163,0.10655737704918032,0.860655737704918,0.03278688524590164,0.18579234972677594,0.16666666666666663,0.21333333333333326,0.5273224043715847,-0.592896174863388,False,True,True,True,域分类器密度比，合池p99截断=1.7e+04（≡4.4）
gold_merged2self,target_recalib,5,18,305,348,0.8764367816091954,0.8371880068132136,0.9091152887617063,0.9219512195121952,0.8111888111888111,1.5747126436781609,0.42528735632183906,0.5747126436781609,0.0,0.14419634445072538,0.11639566395663958,0.18452214452214444,0.2741661955907293,-0.27416619559072924,False,False,True,True,目标预算单分位重校准（≡4.4 同抽取）
gold_merged2self,target_recalib,10,37,316,329,0.9604863221884499,0.9333781730427395,0.9787956979299871,0.979381443298969,0.9333333333333333,1.8115501519756838,0.1884498480243161,0.8115501519756839,0.0,0.2282458850299799,0.17382588774341345,0.30666666666666664,0.5110037038882522,-0.5110037038882522,False,True,True,True,目标预算单分位重校准（≡4.4 同抽取）
gold_merged2self,target_recalib,20,73,251,293,0.856655290102389,0.8112172186322181,0.8946970942044626,0.9075144508670521,0.7833333333333333,1.5563139931740615,0.44368600682593856,0.5563139931740614,0.0,0.12441485294391907,0.10195889531149649,0.15666666666666662,0.2557675450866299,-0.25576754508662974,False,False,True,True,目标预算单分位重校准（≡4.4 同抽取）
gold_merged2self,target_recalib,30,110,230,256,0.8984375,0.8547346036608419,0.9325768456569209,0.9470198675496688,0.8285714285714286,1.6015625,0.3984375,0.6015625,0.0,0.16619706284153002,0.14146431199411325,0.20190476190476192,0.3010160519125684,-0.3010160519125683,False,False,True,True,目标预算单分位重校准（≡4.4 同抽取）
