direction,is_primary,n,true_coverage,reps,seed,p_compatible,p_incompatible,p_undetermined
tappy2mit,True,85,0.9,50000,20260925,0.6582,0.02042,0.32138
tappy2mit,True,85,0.85,50000,20260925,0.16178,0.28936,0.54886
tappy2mit,True,85,0.8,50000,20260925,0.016,0.74494,0.23906
tappy2mit,True,85,0.7,50000,20260925,2e-05,0.99682,0.00316
mit2tappy,True,227,0.9,50000,20260925,0.98092,0.01908,0.0
mit2tappy,True,227,0.85,50000,20260925,0.39694,0.60306,0.0
mit2tappy,True,227,0.8,50000,20260925,0.01338,0.98662,0.0
mit2tappy,True,227,0.7,50000,20260925,0.0,1.0,0.0
gold_merged2self,True,457,0.9,50000,20260925,0.98258,0.01742,0.0
gold_merged2self,True,457,0.85,50000,20260925,0.11634,0.88366,0.0
gold_merged2self,True,457,0.8,50000,20260925,0.0,1.0,0.0
gold_merged2self,True,457,0.7,50000,20260925,0.0,1.0,0.0
mit2typd,False,33,0.9,50000,20260925,0.14418,0.01348,0.84234
mit2typd,False,33,0.85,50000,20260925,0.03298,0.10958,0.85744
mit2typd,False,33,0.8,50000,20260925,0.00614,0.33532,0.65854
mit2typd,False,33,0.7,50000,20260925,8e-05,0.82004,0.17988
