direction,method,budget_pct,n_target_labels,k,n,coverage,ci_lo,ci_hi,cpc_pd,cpc_hc,mean_size,singleton_rate,rejection_rate,empty_rate,qhat_inf,note,w_mean,w_median,w_p95,w_p99,w_max,frac_clipped,w_cap_raw
tappy2mit,naive_cp,0,0,49,82,0.5975609756097561,0.48342243036237675,0.7044379546872008,0.21428571428571427,1.0,1.1097560975609757,0.8902439024390244,0.10975609756097561,0.0,False,= primary 审计锚点行（断言一致）,,,,,,,
tappy2mit,weighted_cp,0,0,82,82,1.0,0.9560105458131576,1.0,1.0,1.0,2.0,0.0,1.0,0.0,False,域分类器密度比，合池p99截断=3.04e+09,1.0,0.0018121469531776505,1.604574316064212,34.782583486584336,34.782583486584336,0.024390243902439025,3042017230.734164
tappy2mit,target_recalib,5,4,78,78,1.0,0.9538075796719513,1.0,1.0,1.0,2.0,0.0,1.0,0.0,True,目标预算单分位重校准；qhat=inf 诚实退化全集,,,,,,,
tappy2mit,group_weighted,5,4,78,78,1.0,0.9538075796719513,1.0,1.0,1.0,2.0,0.0,1.0,0.0,True,目标单协议：按构造与 target_recalib 逐位等价（协议组条件退化）,,,,,,,
tappy2mit,target_recalib,10,8,74,74,1.0,0.9513723837620105,1.0,1.0,1.0,2.0,0.0,1.0,0.0,True,目标预算单分位重校准；qhat=inf 诚实退化全集,,,,,,,
tappy2mit,group_weighted,10,8,74,74,1.0,0.9513723837620105,1.0,1.0,1.0,2.0,0.0,1.0,0.0,True,目标单协议：按构造与 target_recalib 逐位等价（协议组条件退化）,,,,,,,
tappy2mit,target_recalib,20,16,55,66,0.8333333333333334,0.7213265468376222,0.9137520659512851,0.6764705882352942,1.0,1.5303030303030303,0.4696969696969697,0.5303030303030303,0.0,False,目标预算单分位重校准,,,,,,,
tappy2mit,group_weighted,20,16,55,66,0.8333333333333334,0.7213265468376222,0.9137520659512851,0.6764705882352942,1.0,1.5303030303030303,0.4696969696969697,0.5303030303030303,0.0,False,目标单协议：按构造与 target_recalib 逐位等价（协议组条件退化）,,,,,,,
tappy2mit,target_recalib,30,25,50,57,0.8771929824561403,0.7632050006375726,0.9491710598414328,0.7586206896551724,1.0,1.631578947368421,0.3684210526315789,0.631578947368421,0.0,False,目标预算单分位重校准,,,,,,,
tappy2mit,group_weighted,30,25,50,57,0.8771929824561403,0.7632050006375726,0.9491710598414328,0.7586206896551724,1.0,1.631578947368421,0.3684210526315789,0.631578947368421,0.0,False,目标单协议：按构造与 target_recalib 逐位等价（协议组条件退化）,,,,,,,
mit2tappy,naive_cp,0,0,147,173,0.8497109826589595,0.7875965420737576,0.8994169554140722,0.8947368421052632,0.7,1.5317919075144508,0.4682080924855491,0.5317919075144508,0.0,False,= primary 审计锚点行（断言一致）,,,,,,,
mit2tappy,weighted_cp,0,0,173,173,1.0,0.9789027253493151,1.0,1.0,1.0,2.0,0.0,1.0,0.0,False,域分类器密度比，合池p99截断=6.83e+03,1.0,0.40034830110954955,3.840847729383078,11.101746757892435,11.169549882451877,0.011560693641618497,6830.679087849675
mit2tappy,target_recalib,5,9,161,164,0.9817073170731707,0.9474738265617461,0.9962116046634305,1.0,0.9210526315789473,1.7865853658536586,0.21341463414634146,0.7865853658536586,0.0,False,目标预算单分位重校准,,,,,,,
mit2tappy,group_weighted,5,9,161,164,0.9817073170731707,0.9474738265617461,0.9962116046634305,1.0,0.9210526315789473,1.7865853658536586,0.21341463414634146,0.7865853658536586,0.0,False,目标单协议：按构造与 target_recalib 逐位等价（协议组条件退化）,,,,,,,
mit2tappy,target_recalib,10,17,133,156,0.8525641025641025,0.7870308254405115,0.9041847363632709,0.9,0.6944444444444444,1.5576923076923077,0.4423076923076923,0.5576923076923077,0.0,False,目标预算单分位重校准,,,,,,,
mit2tappy,group_weighted,10,17,133,156,0.8525641025641025,0.7870308254405115,0.9041847363632709,0.9,0.6944444444444444,1.5576923076923077,0.4423076923076923,0.5576923076923077,0.0,False,目标单协议：按构造与 target_recalib 逐位等价（协议组条件退化）,,,,,,,
mit2tappy,target_recalib,20,35,126,138,0.9130434782608695,0.8530309325471026,0.9542588878502717,0.9528301886792453,0.78125,1.6159420289855073,0.38405797101449274,0.6159420289855072,0.0,False,目标预算单分位重校准,,,,,,,
mit2tappy,group_weighted,20,35,126,138,0.9130434782608695,0.8530309325471026,0.9542588878502717,0.9528301886792453,0.78125,1.6159420289855073,0.38405797101449274,0.6159420289855072,0.0,False,目标单协议：按构造与 target_recalib 逐位等价（协议组条件退化）,,,,,,,
mit2tappy,target_recalib,30,52,115,121,0.9504132231404959,0.8951935020198841,0.981587692825085,0.978494623655914,0.8571428571428571,1.7024793388429753,0.2975206611570248,0.7024793388429752,0.0,False,目标预算单分位重校准,,,,,,,
mit2tappy,group_weighted,30,52,115,121,0.9504132231404959,0.8951935020198841,0.981587692825085,0.978494623655914,0.8571428571428571,1.7024793388429753,0.2975206611570248,0.7024793388429752,0.0,False,目标单协议：按构造与 target_recalib 逐位等价（协议组条件退化）,,,,,,,
gold_merged2self,naive_cp,0,0,268,366,0.73224043715847,0.6837481934023381,0.77693054588449,0.8055555555555556,0.6266666666666667,1.3005464480874316,0.6994535519125683,0.3005464480874317,0.0,False,= primary 审计锚点行（断言一致）,,,,,,,
gold_merged2self,weighted_cp,0,0,336,366,0.9180327868852459,0.885054003789342,0.9440150562991141,0.9722222222222222,0.84,1.8278688524590163,0.10655737704918032,0.860655737704918,0.03278688524590164,False,域分类器密度比，合池p99截断=1.7e+04,1.0000000000000002,0.12222883032541891,2.402932027280155,36.62335500440191,36.85401076560844,0.01092896174863388,17030.635164991018
gold_merged2self,target_recalib,5,18,305,348,0.8764367816091954,0.8371880068132136,0.9091152887617063,0.9219512195121952,0.8111888111888111,1.5747126436781609,0.42528735632183906,0.5747126436781609,0.0,False,目标预算单分位重校准,,,,,,,
gold_merged2self,group_weighted,5,18,291,348,0.8362068965517241,0.7930563010879346,0.8735215412024148,0.9121951219512195,0.7272727272727273,1.4798850574712643,0.5201149425287356,0.47988505747126436,0.0,False,协议组条件分位（tappy/oe 各自预算）,,,,,,,
gold_merged2self,target_recalib,10,37,316,329,0.9604863221884499,0.9333781730427395,0.9787956979299871,0.979381443298969,0.9333333333333333,1.8115501519756838,0.1884498480243161,0.8115501519756839,0.0,False,目标预算单分位重校准,,,,,,,
gold_merged2self,group_weighted,10,37,318,329,0.9665653495440729,0.9409647189923186,0.983193627042598,0.979381443298969,0.9481481481481482,1.8267477203647415,0.17325227963525835,0.8267477203647416,0.0,False,协议组条件分位（tappy/oe 各自预算）,,,,,,,
gold_merged2self,target_recalib,20,73,251,293,0.856655290102389,0.8112172186322181,0.8946970942044626,0.9075144508670521,0.7833333333333333,1.5563139931740615,0.44368600682593856,0.5563139931740614,0.0,False,目标预算单分位重校准,,,,,,,
gold_merged2self,group_weighted,20,73,260,293,0.8873720136518771,0.8454753995459816,0.9211917723876262,0.930635838150289,0.825,1.6006825938566553,0.3993174061433447,0.6006825938566553,0.0,False,协议组条件分位（tappy/oe 各自预算）,,,,,,,
gold_merged2self,target_recalib,30,110,230,256,0.8984375,0.8547346036608419,0.9325768456569209,0.9470198675496688,0.8285714285714286,1.6015625,0.3984375,0.6015625,0.0,False,目标预算单分位重校准,,,,,,,
gold_merged2self,group_weighted,30,110,234,256,0.9140625,0.8727804368108596,0.9453594666392802,0.9735099337748344,0.8285714285714286,1.66796875,0.33203125,0.66796875,0.0,False,协议组条件分位（tappy/oe 各自预算）,,,,,,,
