variant,direction,k,n,coverage,ci_lo,ci_hi,cpc_pd,cpc_hc,mean_size,singleton_rate,seed_std,seed_min,seed_max,n_seeds,note
anchor_seed1,tappy2mit,49.0,82.0,0.5975609756097561,0.48342243036237675,0.7044379546872008,0.21428571428571427,1.0,1.1097560975609757,0.8902439024390244,,,,,
anchor_seed1,mit2tappy,147.0,173.0,0.8497109826589595,0.7875965420737576,0.8994169554140722,0.8947368421052632,0.7,1.5317919075144508,0.4682080924855491,,,,,
anchor_seed1,gold_merged2self,268.0,366.0,0.73224043715847,0.6837481934023381,0.77693054588449,0.8055555555555556,0.6266666666666667,1.3005464480874316,0.6994535519125683,,,,,
alpha_020,tappy2mit,47.0,82.0,0.573170731707317,0.4590540283737463,0.6818442646667495,0.16666666666666666,1.0,1.0609756097560976,0.9390243902439024,,,,,
alpha_020,mit2tappy,122.0,173.0,0.7052023121387283,0.63124817739151,0.7719738227023629,0.7518796992481203,0.55,1.2196531791907514,0.7803468208092486,,,,,
alpha_020,gold_merged2self,191.0,366.0,0.5218579234972678,0.4693175837644947,0.574041918765669,0.6342592592592593,0.36,0.8715846994535519,0.8715846994535519,,,,,
seeds_1_50,tappy2mit,,,0.6687804878048782,,,,,,,0.1378479297732371,0.4878048780487805,0.975609756097561,50.0,
seeds_1_50,mit2tappy,,,0.8532947976878613,,,,,,,0.05788468989863869,0.630057803468208,0.953757225433526,50.0,
seeds_1_50,gold_merged2self,,,0.8518032786885245,,,,,,,0.06638094707472182,0.6912568306010929,0.9371584699453552,50.0,
tremor_as_pd,tappy2mit,49.0,82.0,0.5975609756097561,0.48342243036237675,0.7044379546872008,0.21428571428571427,1.0,1.1097560975609757,0.8902439024390244,,,,,源池 +3 人
tremor_as_pd,mit2tappy,147.0,176.0,0.8352272727272727,0.772007867203707,0.8867857509297975,0.875,0.7,1.5227272727272727,0.4772727272727273,,,,,目标 +3 人（分母含新行）
tremor_as_pd,gold_merged2self,268.0,369.0,0.7262872628726287,0.6777425072559642,0.7711588306019531,0.7945205479452054,0.6266666666666667,1.2981029810298104,0.7018970189701897,,,,,目标 +3 人（L1）
tremor_as_hc,tappy2mit,55.0,82.0,0.6707317073170732,0.5581411993838856,0.7705789124976453,0.35714285714285715,1.0,1.1585365853658536,0.8414634146341463,,,,,源池 +3 人
tremor_as_hc,mit2tappy,150.0,176.0,0.8522727272727273,0.7910843117287055,0.9011742179552049,0.8947368421052632,0.7209302325581395,1.5227272727272727,0.4772727272727273,,,,,目标 +3 人（分母含新行）
tremor_as_hc,gold_merged2self,271.0,369.0,0.7344173441734417,0.6862334301321812,0.7787947716040753,0.8055555555555556,0.6339869281045751,1.2981029810298104,0.7018970189701897,,,,,目标 +3 人（L1）
session_quarter,tappy2mit,49.0,82.0,0.5975609756097561,0.48342243036237675,0.7044379546872008,0.21428571428571427,1.0,1.1097560975609757,0.8902439024390244,,,,,源侧特征季度重聚合；人池固定 173
session_quarter,mit2tappy,147.0,173.0,0.8497109826589595,0.7875965420737576,0.8994169554140722,0.8947368421052632,0.7,1.5317919075144508,0.4682080924855491,,,,,目标侧特征季度重聚合；人池固定 173
session_quarter,gold_merged2self,268.0,366.0,0.73224043715847,0.6837481934023381,0.77693054588449,0.8055555555555556,0.6266666666666667,1.3005464480874316,0.6994535519125683,,,,,目标 Tappy 切片季度重聚合；人池固定
