direction,stratum,level,n,n_pd,k,coverage,ci_lo,ci_hi,mean_size,singleton_rate,covers_n,of_target,note
mit2tappy,sex,Male,88,66,71,0.8068181818181818,0.7088141102061932,0.8832465519066922,1.5454545454545454,0.45454545454545453,88,173,自报 Gender（tappy_users）；Tappy 子切片
mit2tappy,sex,Female,85,67,76,0.8941176470588236,0.8084961024821846,0.9504273419757547,1.5176470588235293,0.4823529411764706,85,173,自报 Gender（tappy_users）；Tappy 子切片
mit2tappy,age_median,age<=median,79,58,64,0.810126582278481,0.7062415403812735,0.8896524755629918,1.4683544303797469,0.5316455696202531,79,173,中位 session 年−BirthYear，非缺失中位数=69.0
mit2tappy,age_median,age>median,66,52,57,0.8636363636363636,0.7568586684861609,0.9357018153567446,1.5757575757575757,0.42424242424242425,66,173,中位 session 年−BirthYear，非缺失中位数=69.0
mit2tappy,age_median,unknown,28,23,26,0.9285714285714286,0.7649652268254092,0.9912295032964729,1.6071428571428572,0.39285714285714285,28,173,OE 无字段 0 + Tappy BirthYear 缺失 28（不静默剔除）
gold_merged2self,sex,Male,88,66,55,0.625,0.5153492467542713,0.7259832170082905,1.2727272727272727,0.7272727272727273,88,366,自报 Gender（tappy_users）；Tappy 子切片
gold_merged2self,sex,Female,85,67,64,0.7529411764705882,0.6474709849379259,0.8401019041392547,1.2352941176470589,0.7647058823529411,85,366,自报 Gender（tappy_users）；Tappy 子切片
gold_merged2self,age_median,age<=median,79,58,51,0.6455696202531646,0.5298741896254618,0.749994099767817,1.2025316455696202,0.7974683544303798,79,366,中位 session 年−BirthYear，非缺失中位数=69.0
gold_merged2self,age_median,age>median,66,52,45,0.6818181818181818,0.5556078292305275,0.7911016327585585,1.2878787878787878,0.7121212121212122,66,366,中位 session 年−BirthYear，非缺失中位数=69.0
gold_merged2self,age_median,unknown,221,106,172,0.7782805429864253,0.7176938272137576,0.8312395183308948,1.339366515837104,0.6606334841628959,221,366,OE 无字段 193 + Tappy BirthYear 缺失 28（不静默剔除）
