direction,source,target,tier,n_source,n_target,coverage_mean,cpc_pd_mean,cpc_hc_mean,mean_size_mean,singleton_rate_mean,fuzzy_rate_mean,empty_rate_mean,auc_mean,coverage_std,cpc_pd_std,cpc_hc_std,mean_size_std,singleton_rate_std,fuzzy_rate_std,empty_rate_std,auc_std,lgbm_coverage_mean,lgbm_cpc_pd_mean,lgbm_cpc_hc_mean,lgbm_mean_size_mean,lgbm_singleton_rate_mean,lgbm_fuzzy_rate_mean,lgbm_empty_rate_mean,lgbm_auc_mean,lgbm_coverage_std,lgbm_cpc_pd_std,lgbm_cpc_hc_std,lgbm_mean_size_std,lgbm_singleton_rate_std,lgbm_fuzzy_rate_std,lgbm_empty_rate_std,lgbm_auc_std
mit2tappy,mit,tappy,2,82,173,0.8532947976878613,0.942406015037594,0.5569999999999999,1.4152601156069364,0.5847398843930636,0.4152601156069364,0.0,0.585624060150376,0.05788468989863869,0.07739003377372684,0.20597206071678356,0.16438865347791745,0.16438865347791745,0.16438865347791745,0.0,0.007401283608611604,0.9216184971098268,0.9580451127819549,0.8005,1.7464739884393063,0.2535260115606936,0.7464739884393065,0.0,0.5260187969924811,0.05358132011800395,0.059438203815389376,0.1562058100777331,0.16940041347119822,0.16940041347119822,0.1694004134711982,0.0,0.025213366841629403
mit2typd,mit,typd,1,82,27,0.9148148148148149,0.8949999999999999,0.9306666666666665,1.4622222222222223,0.5377777777777778,0.46222222222222215,0.0,0.7922222222222222,0.0556185080466366,0.12118322552919553,0.08406886282176727,0.14838227908837184,0.14838227908837184,0.14838227908837184,0.0,0.020077953397894484,0.9711111111111111,0.9366666666666665,0.9986666666666667,1.7748148148148146,0.22518518518518515,0.7748148148148148,0.0,0.7719444444444443,0.04923194418816135,0.10589217122827184,0.00942809041582063,0.18599068956030734,0.18599068956030732,0.18599068956030732,0.0,0.06370067415760237
mit2oe,mit,oe,3,82,193,0.8213471502590675,0.9840963855421685,0.6985454545454546,1.5097409326424869,0.49025906735751307,0.509740932642487,0.0,0.7239101861993427,0.07656066385612302,0.029152379152826334,0.1264532323416082,0.16321836002210463,0.16321836002210463,0.16321836002210463,0.0,0.01837285061195282,0.8641450777202073,0.9024096385542169,0.8352727272727273,1.5809326424870465,0.4190673575129533,0.5809326424870467,0.0,0.6660306681270537,0.06558364086028735,0.06941461215172387,0.08467771488937822,0.17117385314658182,0.17117385314658182,0.17117385314658182,0.0,0.021909029313196424
tappy2mit,tappy,mit,2,173,82,0.6687804878048782,0.3561904761904762,0.997,1.2292682926829268,0.7707317073170732,0.22926829268292687,0.0,0.6722857142857142,0.1378479297732371,0.2740981704150007,0.009636241116594325,0.21747017683081715,0.21747017683081715,0.21747017683081715,0.0,0.03576509990527369,0.9400000000000002,0.9985714285714287,0.8785000000000001,1.873170731707317,0.1268292682926829,0.8731707317073171,0.0,0.551607142857143,0.07735819417661532,0.005711855654335608,0.15843704086597726,0.15521856172387627,0.15521856172387627,0.15521856172387627,0.0,0.0921886366966647
tappy2typd,tappy,typd,1,173,27,0.7688888888888887,0.555,0.94,1.3422222222222222,0.6577777777777777,0.3422222222222222,0.0,0.6644444444444446,0.11212937294348872,0.3297468623008852,0.10367400503370115,0.20743979878802724,0.20743979878802724,0.20743979878802724,0.0,0.10675119477689127,0.8888888888888888,1.0,0.8,1.788148148148148,0.21185185185185187,0.788148148148148,0.0,0.5940555555555556,0.11148839950108719,0.0,0.20067911910195693,0.19741052015601387,0.19741052015601387,0.19741052015601387,0.0,0.14540498044988742
tappy2oe,tappy,oe,2,173,193,0.8215544041450777,0.6756626506024097,0.9316363636363638,1.510777202072539,0.48922279792746115,0.5107772020725388,0.0,0.6278006571741512,0.09508612587489788,0.25073429980590095,0.13381338218383015,0.20081760842119828,0.20081760842119828,0.20081760842119828,0.0,0.025331795136446622,0.9033160621761658,0.9990361445783132,0.8310909090909091,1.8224870466321244,0.17751295336787568,0.8224870466321244,0.0,0.5454370208105148,0.10494357611439573,0.006815487047581188,0.18360063209748137,0.19214463611575383,0.19214463611575383,0.19214463611575383,0.0,0.04220679006259517
typd2mit,typd,mit,1,27,82,0.8921951219512195,0.8004761904761903,0.9884999999999999,1.555609756097561,0.43512195121951214,0.5602439024390244,0.004634146341463415,0.7603452380952382,0.07796473822637003,0.13013393855561461,0.05537672464721131,0.19159264597137304,0.1615883476907737,0.17417090007853836,0.032768363030596104,0.04193528745336204,0.8731707317073172,0.7747619047619047,0.9765,1.59,0.41,0.59,0.0,0.6936011904761905,0.1021209121237132,0.18248608387616694,0.03210712299379649,0.24832831079995848,0.24832831079995848,0.24832831079995848,0.0,0.06202399984162448
typd2tappy,typd,tappy,1,27,173,0.576878612716763,0.45293233082706763,0.9890000000000001,1.415722543352601,0.578728323699422,0.41849710982658955,0.0027745664739884392,0.5515263157894736,0.19215295472691593,0.25199159751440686,0.02773783976992514,0.24528616508316986,0.23542710758048768,0.2396053044624268,0.01961914768610074,0.012983824136622888,0.695606936416185,0.6051127819548872,0.9965,1.58878612716763,0.41121387283237,0.58878612716763,0.0,0.5362875939849624,0.22046691190263445,0.28597357059840883,0.015979898086569355,0.2955035070761803,0.29550350707618034,0.29550350707618034,0.0,0.025661672616262874
typd2oe,typd,oe,1,27,193,0.8593782383419689,0.7043373493975902,0.9763636363636364,1.558238341968912,0.43160621761658036,0.5633160621761658,0.005077720207253886,0.6533231106243155,0.10032821967133497,0.2113357558157487,0.05660907718883991,0.23540403224309503,0.2091413734833488,0.21974627215096765,0.03590490391517185,0.041153923971948114,0.8905699481865283,0.763855421686747,0.9861818181818183,1.681243523316062,0.3187564766839378,0.6812435233160622,0.0,0.6194282584884995,0.13309738797628054,0.2990679053903404,0.02962861139033599,0.3203575498866265,0.3203575498866265,0.3203575498866265,0.0,0.03673780923989698
oe2mit,oe,mit,3,193,82,0.8417073170731707,0.7014285714285715,0.9890000000000001,1.3421951219512196,0.6578048780487805,0.3421951219512195,0.0,0.8131428571428572,0.045194874682246644,0.0910408953687984,0.019665571282766015,0.096636046153158,0.09663604615315802,0.09663604615315802,0.0,0.023972003913569462,0.8751219512195122,0.7571428571428572,0.9990000000000001,1.547317073170732,0.45268292682926836,0.5473170731707316,0.0,0.778047619047619,0.03805414060341756,0.07529232524210426,0.004948716593053938,0.09764307148176943,0.09764307148176943,0.09764307148176943,0.0,0.028089655253156744
oe2tappy,oe,tappy,2,193,173,0.7537572254335261,0.7554887218045113,0.748,1.412369942196532,0.5876300578034682,0.4123699421965318,0.0,0.5955263157894737,0.13299156596006156,0.2125944581173769,0.18258629494581682,0.11748857986912122,0.11748857986912122,0.11748857986912122,0.0,0.009065848645835178,0.8928323699421965,0.914436090225564,0.821,1.6634682080924852,0.33653179190751453,0.6634682080924855,0.0,0.5623045112781955,0.08208948111724251,0.1043372106906803,0.11286618408630675,0.1555783326654929,0.1555783326654929,0.1555783326654929,0.0,0.017477560788137378
oe2typd,oe,typd,1,193,27,0.8325925925925926,0.9216666666666667,0.7613333333333333,1.3607407407407408,0.6392592592592593,0.3607407407407407,0.0,0.7993333333333333,0.06447215327715478,0.09875931024741018,0.1524345143959803,0.10416966905893986,0.10416966905893986,0.10416966905893986,0.0,0.012580804584402772,0.9029629629629629,0.7816666666666666,1.0,1.5925925925925923,0.4074074074074074,0.5925925925925926,0.0,0.7726666666666668,0.0705471781291336,0.1587311507905506,0.0,0.24304093286467407,0.24304093286467413,0.24304093286467413,0.0,0.06146403963541901
